{
    "data":{
        "index":{
            "itemSize":1,
            "array":[0,1,2,3,4,5,6,7,8,9,10,11,12,13,14,15,16,17,18,19,20,21,22,23,24,25,26,27,28,29,30,31,31,24,32,33,34,35,36,18,37,38,32,39,33,37,40,38,41,42,43,44,45,46,47,48,49,18,43,50,51,52,53,54,55,56,57,58,39,59,60,61,62,63,64,65,66,67,68,69,70,24,71,72,73,74,75,76,77,40,78,79,80,81,82,71,25,83,84,85,86,86,86,30,30,31,85,85,87,88,87,19,89,90,91,92,93,94,95,96,97,98,99,100,101,101,102,103,104,101,105,105,87,100,100,106,107,108,109,110,111,112,113,114,115,116,117,118,119,120,121,122,123,124,125,126,127,128,129,105,130,105,131,132,133,134,135,134,136,137,138,139,140,141,130,142,130,143,138,144,88,134,88,145,146,147,148,135,135,149,150,151,152,153,119,154,155,156,142,148,142,157,158,159,160,161,162,163,164,165,166,167,168,169,170,171,172,173,174,175,176,177,178,179,180,181,182,183,184,185,186,187,188,189,190,191,192,193,194,195,196,197,198,199,200,201,202,203,204,0,205,1,3,206,4,6,207,7,9,208,10,12,209,13,15,210,16,18,38,19,21,211,22,24,33,25,27,212,28,30,30,31,24,72,32,213,214,215,18,50,37,32,57,39,216,217,218,41,219,42,44,220,45,47,221,48,18,41,43,51,222,52,54,223,55,57,224,58,59,225,60,62,226,63,65,227,66,68,228,69,229,230,231,73,232,74,76,233,77,78,234,79,81,235,82,236,26,84,26,25,84,85,85,86,86,86,30,31,31,85,87,88,88,237,20,90,20,19,90,91,238,92,94,239,95,97,240,98,100,100,101,102,241,103,101,101,105,87,87,100,106,242,107,243,244,245,246,247,248,115,249,116,118,152,119,250,251,252,253,254,255,127,256,128,105,130,130,131,257,132,134,135,135,136,258,137,139,259,140,130,142,142,143,136,138,88,134,134,145,260,146,148,148,135,261,262,263,152,264,153,154,265,155,142,148,148,157,266,158,160,267,161,268,175,177,269,270,271,169,272,170,172,273,173,274,275,276,178,277,179,181,278,182,279,280,281,282,283,284,285,286,287,193,288,194,196,289,197,199,290,200,202,291,203],
            "type":"Uint16Array"
        },
        "groups":[{
            "count":504,
            "start":0,
            "materialIndex":0
        }],
        "attributes":{
            "position":{
                "itemSize":3,
                "array":[-1.00395,0.786693,-1.03437,-1.00395,2.78669,0.965629,-1.00395,0.786693,0.965629,0.996053,0.786693,-1.03437,-1.00395,2.78669,-1.03437,-1.00395,0.786693,-1.03437,0.996053,0.786693,0.965629,0.996053,2.78669,-1.03437,0.996053,0.786693,-1.03437,-1.00395,0.786693,0.965629,0.996053,2.78669,0.965629,0.996053,0.786693,0.965629,-1.00395,0.786693,0.965629,0.996053,0.786693,-1.03437,-1.00395,0.786693,-1.03437,0.996053,2.78669,0.965629,-1.00395,2.78669,-1.03437,0.996053,2.78669,-1.03437,-1.00395,2.78669,0.965629,-1.00395,0.786693,-1.03437,-1.00395,0.786693,0.965629,-1.00395,2.78669,-1.03437,0.996053,0.786693,-1.03437,-1.00395,0.786693,-1.03437,0.996053,2.78669,-1.03437,0.996053,0.786693,0.965629,0.996053,0.786693,-1.03437,0.996053,2.78669,0.965629,-1.00395,0.786693,0.965629,0.996053,0.786693,0.965629,-1.00395,0.786693,0.965629,0.996053,0.786693,0.965629,0.996053,3.60586,0.965629,0.996053,2.78669,0.965629,0.996053,3.60586,0.965629,0.636561,3.8485,-0.343715,0.636561,3.8485,0.58778,-1.00395,3.60586,-1.03437,-1.00395,2.78669,-1.03437,0.996053,2.78669,3.04083,-1.00395,2.78669,-2.71024,-1.00395,2.78669,3.04083,-1.00395,3.60586,4.83064,-1.00395,3.60586,3.04083,-1.00395,3.60586,0.965629,0.996053,3.60586,3.04083,0.996053,3.60586,0.965629,0.996053,2.78669,0.965629,-1.00395,2.78669,3.04083,-1.00395,2.78669,0.965629,-1.00395,3.60586,0.965629,0.996053,2.78669,4.83064,-1.00395,3.60586,4.83064,-1.00395,2.78669,4.83064,-1.00395,3.60586,3.04083,0.996053,3.60586,4.83064,0.996053,3.60586,3.04083,0.996053,3.60586,3.04083,0.996053,2.78669,4.83064,0.996053,2.78669,3.04083,-1.00395,2.78669,4.83064,-1.00395,2.78669,3.04083,-1.00395,2.78669,-2.71024,0.996053,2.78669,-4.31527,0.996053,2.78669,-2.71024,0.996053,3.60586,-1.03437,-1.00395,3.60586,-2.71024,-1.00395,3.60586,-1.03437,-1.00395,2.78669,-1.03437,0.996053,2.78669,-2.71024,0.996053,2.78669,-1.03437,0.996053,3.60586,-2.71024,0.996053,3.60586,-1.03437,-1.00395,2.78669,-4.31527,0.996053,3.60586,-4.31527,0.996053,2.78669,-4.31527,-1.00395,3.60586,-2.71024,-1.00395,2.78669,-4.31527,0.996053,3.60586,-2.71024,-1.00395,3.60586,-4.31527,-1.00395,3.60586,-2.71024,0.996053,2.78669,-2.71024,0.996053,3.60586,-4.31527,0.996053,-0.0889217,0.965629,0.996053,-0.0889217,-0.0305026,0.996053,0.786693,-1.03437,-1.00395,0.786693,-1.03437,-1.00395,-0.0889217,0.0315014,-1.04224,-0.800766,-0.290772,-1.00395,-0.0889217,-1.03437,-1.00395,-0.0889217,0.0315014,-1.00395,0.786693,0.965629,0.996053,-0.0889217,0.965629,0.996053,0.786693,0.965629,0.996053,0.786693,-1.03437,-1.00395,-0.0889217,-1.03437,-1.00395,0.786693,-1.03437,-1.00395,-0.0889217,0.0315014,0.783499,-0.78342,0.317634,-1.2165,-0.78342,0.379638,-1.00395,-0.0889217,0.965629,0.996053,-0.0889217,0.965629,-1.00395,-0.0889217,-1.03437,-1.04224,-0.800766,-0.290772,-1.00395,-0.0889217,0.0315014,0.996053,-0.0889217,-0.0305026,-1.2165,-0.78342,1.31376,0.783499,-2.4527,1.31376,0.783499,-0.78342,1.31376,-1.00395,-0.0889217,0.965629,0.783499,-0.78342,1.31376,0.996053,-0.0889217,0.965629,0.996053,-0.0889217,0.965629,0.783499,-0.78342,0.317634,0.996053,-0.0889217,-0.0305026,-1.00395,-0.0889217,0.965629,-1.2165,-0.78342,0.379638,-1.2165,-0.78342,1.31376,-1.04224,-0.800766,-1.35664,-1.04224,-2.46583,-0.290772,-1.04224,-0.800766,-0.290772,-1.04224,-0.800766,-0.290772,0.957761,-2.46583,-0.352776,0.957761,-0.800766,-0.352776,-1.00395,-0.0889217,0.0315014,0.957761,-0.800766,-0.352776,0.996053,-0.0889217,-0.0305026,-1.00395,-0.0889217,-1.03437,0.957761,-0.800766,-1.35664,-1.04224,-0.800766,-1.35664,0.957761,-0.800766,-0.352776,0.996053,-0.0889217,-1.03437,0.957761,-0.800766,-0.352776,0.957761,-0.800766,-1.35664,-1.04224,-2.46583,-0.290772,-1.04224,-4.55657,-0.290772,0.957761,-2.46583,-0.352776,0.957761,-4.55657,-1.35664,0.957761,-2.46583,-1.35664,0.957761,-0.800766,-1.35664,-1.04224,-2.46583,-1.35664,-1.04224,-0.800766,-1.35664,0.957761,-2.46583,-0.352776,0.957761,-0.800766,-0.352776,0.957761,-0.800766,-1.35664,-1.04224,-4.55657,-1.35664,0.957761,-4.55657,-0.352776,-1.04224,-4.55657,-0.290772,0.957761,-4.55657,-0.352776,-1.04224,-2.46583,-0.290772,0.957761,-4.55657,-0.352776,0.957761,-2.46583,-0.352776,-1.04224,-2.46583,-1.35664,-1.04224,-4.55657,-0.290772,0.957761,-2.46583,-1.35664,-1.04224,-4.55657,-1.35664,-1.04224,-2.46583,-1.35664,-1.2165,-2.4527,1.31376,0.783499,-4.44455,1.31376,0.783499,-2.4527,1.31376,0.783499,-0.78342,1.31376,0.783499,-2.4527,0.317634,0.783499,-0.78342,0.317634,-1.2165,-0.78342,0.379638,-1.2165,-2.4527,1.31376,-1.2165,-0.78342,1.31376,0.783499,-0.78342,0.317634,-1.2165,-2.4527,0.379638,-1.2165,-0.78342,0.379638,-1.2165,-4.44455,0.379638,0.783499,-4.44455,1.31376,-1.2165,-4.44455,1.31376,0.783499,-2.4527,1.31376,0.783499,-4.44455,0.317634,0.783499,-2.4527,0.317634,-1.2165,-2.4527,0.379638,-1.2165,-4.44455,1.31376,-1.2165,-2.4527,1.31376,0.783499,-2.4527,0.317634,-1.2165,-4.44455,0.379638,-1.2165,-2.4527,0.379638,0.636561,3.8485,0.58778,-0.294934,4.38016,0.58778,-0.294934,3.8485,0.58778,-1.00395,3.60586,0.965629,-0.294934,3.8485,-0.343715,-1.00395,3.60586,-1.03437,0.996053,3.60586,0.965629,-0.294934,3.8485,0.58778,-1.00395,3.60586,0.965629,0.996053,3.60586,-1.03437,-0.294934,3.8485,-0.343715,0.636561,3.8485,-0.343715,-0.294934,4.38016,-0.343715,0.636561,4.38016,0.58778,0.636561,4.38016,-0.343715,-0.294934,3.8485,-0.343715,0.636561,4.38016,-0.343715,0.636561,3.8485,-0.343715,0.636561,3.8485,-0.343715,0.636561,4.38016,0.58778,0.636561,3.8485,0.58778,-0.294934,3.8485,0.58778,-0.294934,4.38016,-0.343715,-0.294934,3.8485,-0.343715,-1.00395,2.78669,-1.03437,0.996053,2.78669,-1.03437,0.996053,2.78669,0.965629,-1.00395,2.78669,0.965629,0.996053,0.786693,0.965629,-1.00395,2.78669,0.965629,0.996053,2.78669,-1.03437,-1.00395,2.78669,0.965629,0.996053,3.60586,0.965629,0.996053,3.60586,-1.03437,0.636561,3.8485,-0.343715,-1.00395,3.60586,-1.03437,-1.00395,3.60586,-2.71024,-1.00395,2.78669,-2.71024,-1.00395,2.78669,4.83064,-1.00395,